id,price1
2242,423.03146
20532,276.5705
10648,457.35562
20677,835.2817
12593,404.63513
11159,529.1709
10680,400.05582
6433,2573.5288
2794,256.56973
11579,694.0685
13859,251.28716
12260,471.8362
18254,387.11163
19453,478.9209
8121,1362.7509
9791,483.8903
7402,1980.401
3205,292.77374
14489,456.3244
10607,547.63556
3659,667.1332
7625,319.6112
12862,1882.5441
13985,447.42212
10206,481.46808
6889,1520.4254
17791,403.87506
8920,2128.3916
15762,450.93402
9762,342.83063
15247,826.91693
14490,220.00175
3545,330.2579
4122,482.77936
9075,401.6073
17580,643.6977
15546,431.328
16679,285.9062
7800,435.06174
10314,258.4462
20247,643.8303
10068,1366.8173
971,360.7249
3832,417.1802
6052,2121.099
12718,4120.404
11469,498.74155
10655,485.56372
5933,445.5697
7000,586.96967
18084,667.1332
20918,3510.309
16193,992.99817
6116,2498.6716
7581,385.63483
2214,400.13165
19489,584.5707
2592,946.1621
14541,946.1621
5584,541.93304
20002,487.9156
341,2795.5994
10363,527.30914
12292,210.34502
19769,424.8975
4521,170.05986
8402,377.9258
8485,735.42114
7561,459.9739
9885,207.78937
2582,477.95566
8209,338.48462
13611,549.47046
13591,380.42828
9676,560.3996
13851,598.9881
16691,472.66354
17785,634.29614
18685,380.46255
3369,720.45135
16066,567.819
3003,533.93207
18981,203.78061
13554,546.94275
11588,438.92133
16379,1659.9948
12575,473.60925
9249,251.28716
15449,255.35289
20597,425.3391
12342,1249.2737
9065,381.64114
17968,420.96487
17803,739.7538
13495,627.2934
11078,1937.4733
19475,613.492
19860,403.78268
805,528.53107
1,1009.2916
13151,466.69058
4133,545.44543
446,831.1016
18830,996.42645
7909,324.26953
13969,1288.5132
6901,2189.4487
3961,3387.1553
10150,1501.5187
4490,419.79984
5897,248.79161
20844,466.13733
19011,720.1389
18577,565.2114
3555,937.07184
15716,441.69623
20324,492.6955
18654,2798.4907
8184,294.51474
4349,264.8289
13737,368.0898
10749,743.6033
19921,449.73984
15467,477.9449
10725,564.4608
18354,446.92035
153,837.58496
8961,873.31885
501,553.2546
18332,307.01016
4068,641.4479
13206,450.37317
15926,398.4149
20705,347.85803
15433,301.657
16477,441.87747
15608,409.7505
4957,248.61195
9095,419.8238
12618,467.21555
17259,261.7067
6906,375.98917
20713,218.96272
15305,807.1578
5370,453.39023
20079,744.67883
5574,448.54312
8049,294.8319
3493,3453.8647
7390,593.9164
12996,400.38904
150,376.3881
7941,408.1447
16993,385.48657
18502,551.83325
1046,299.07147
17121,396.13693
15629,574.8091
18932,790.0638
8131,403.12466
6926,384.69675
11131,580.8378
10941,393.69495
12030,310.1794
17959,679.1894
14464,488.77072
18288,308.97238
17404,1049.7147
930,2467.5999
10001,645.4967
7044,2590.9197
17375,288.0308
13231,278.40094
3147,1296.7096
4856,489.39685
14757,574.8594
14918,502.33453
10947,209.49274
17853,412.94876
6359,1000.41034
14331,623.618
6111,450.4285
20276,2060.963
10660,1441.5122
4222,301.657
20592,796.3895
1023,1806.2572
14844,510.6911
11145,841.58527
12578,701.41455
8668,247.24557
18474,432.0325
9807,387.13318
15911,1318.195
3721,999.2617
19353,953.77277
17362,342.25766
11120,977.4792
18867,461.03592
17178,486.4713
6879,518.2678
4802,546.5887
15451,294.87717
15857,488.6824
3179,842.1138
7258,349.32852
6247,490.7996
14378,429.09683
9308,1094.0022
8879,473.02774
9484,480.35608
7676,898.0671
14419,562.22125
19097,210.80545
168,1259.1027
4427,226.98271
12771,475.55502
17299,399.36783
5118,303.83853
12040,505.0662
13747,510.17365
18751,398.20642
5227,508.188
12100,571.38934
17604,405.49765
1218,559.0818
18775,179.69458
10853,270.97583
3168,249.15845
14636,220.00175
7927,217.34818
17035,429.37564
8762,262.10803
2152,504.9802
17152,278.20963
9824,277.64343
8142,2434.0935
15932,606.47174
1141,349.32852
17330,4186.537
19889,360.31512
4915,507.91238
693,435.91357
14449,628.73914
1975,472.14957
4055,486.77997
13336,755.95306
15678,528.5066
8491,540.9062
15115,446.16083
14146,515.67834
19296,461.09906
13281,389.90717
20363,400.13217
13879,197.85085
7859,222.72809
18819,408.25497
3538,669.9252
13185,342.13864
10595,397.48465
857,704.9186
7654,373.003
12429,459.56107
18200,473.5188
9710,459.79962
12240,901.5071
2939,321.86755
120,276.15836
11548,1261.629
5261,1005.57227
5598,483.62646
7679,482.64746
1820,519.83826
3259,661.6625
623,483.82928
10503,503.7413
9267,720.6266
16624,1319.1587
20850,829.3748
9821,425.53882
4693,403.57498
14824,592.66974
14096,667.1332
6149,318.13608
6373,576.27545
12989,696.2888
5547,456.14478
5420,1571.5326
2058,1047.4429
20958,509.22867
13945,957.63586
6245,389.77505
15624,372.3134
13317,340.12988
1802,395.3027
18216,347.0903
17276,385.42184
10247,660.36584
9532,1287.3604
1568,397.1009
13427,500.85907
12689,374.33975
9955,994.3823
8860,421.5154
9425,496.33115
19772,942.00635
5233,1338.6685
12556,600.17346
11977,295.61603
17523,919.6469
4760,1473.3912
17714,238.96559
12022,355.28598
9905,2404.9734
205,355.13483
11438,220.97636
13352,698.97394
17203,424.37054
650,541.4846
11186,3893.134
6485,481.09552
17370,2458.9246
19084,383.9626
6484,630.2153
5341,393.5486
8138,520.5128
8708,421.3621
6397,455.17
12836,399.485
12251,359.7094
17860,190.17494
2181,479.11798
19757,933.3478
143,360.10895
13111,416.41885
7723,773.1635
13060,411.87082
7508,499.98355
12366,290.37363
10779,410.6879
11653,362.74054
13751,489.905
15564,485.46198
11454,303.35013
10572,582.75085
5140,493.09726
1523,191.90019
20160,1296.7096
9103,312.16586
14595,2440.3772
9727,650.29913
7265,347.78293
15253,532.0962
15590,1202.2294
9682,353.00638
15271,442.61877
18032,424.96027
14029,444.38644
8552,630.6
15074,465.0772
11288,390.87927
20607,1543.2947
1184,403.56265
1651,372.18784
7177,383.30902
1834,307.2628
17391,1718.2095
9564,407.72287
17589,442.3885
2022,651.202
1552,549.47046
7158,790.0638
7311,240.4565
20026,313.88092
16405,1972.7444
17235,443.8716
15558,594.58563
8468,721.19385
7424,485.25812
7307,2386.0007
18602,1123.5656
7421,240.9508
2801,314.40323
6154,201.53319
3296,345.4466
8568,961.502
9285,286.17105
16978,457.43765
17817,1824.5758
7127,885.184
6890,253.30446
3057,586.3872
10994,747.6913
10840,743.6033
14037,860.43774
9685,477.79895
14404,330.1152
9165,208.74118
6006,200.7901
5819,368.67252
8709,471.08224
18154,486.8381
808,447.11783
9059,621.2921
15285,796.4564
2081,2465.1133
17823,523.4446
15500,1078.7507
1068,494.7004
9008,686.8083
4204,242.15007
6919,2182.6672
12720,568.63837
15904,495.7287
5606,333.94913
8893,612.80316
12084,240.54964
7485,448.66608
11935,851.8463
17576,327.3365
10746,762.32117
426,544.72156
364,2882.0981
12415,263.70132
5546,373.64246
12801,556.1047
4203,1606.8191
12857,354.33078
3163,201.38934
20485,1716.6543
10786,257.1957
20165,519.515
8038,284.0992
7474,328.11124
16133,1923.9197
12048,519.8504
911,399.192
14767,359.21198
19044,464.9223
12538,498.36658
11676,565.0383
154,401.78296
4829,1903.5758
2485,708.1556
15721,267.10837
16235,962.0981
8337,939.83636
15320,515.442
6963,337.6634
5470,321.2728
1262,472.327
4487,620.03394
4409,412.5192
4027,1421.9819
2,309.11496
17707,634.76215
10810,470.243
381,487.93115
3743,546.1229
6388,481.39618
13531,499.98355
9761,745.95605
11540,412.3851
10024,311.77838
19053,455.20425
20654,424.96027
17347,229.95056
7237,335.48648
18971,405.77997
17000,391.28668
19585,364.65222
14974,685.8001
13045,327.33444
11866,2239.1887
16764,204.6481
8099,418.16412
10714,1051.6185
7537,299.03513
1828,510.194
8170,524.0567
7499,358.42447
18825,559.89514
13661,212.4213
9501,444.38644
1706,596.05774
2739,402.4635
17997,442.58246
487,399.0225
7782,368.8805
2373,974.53796
17478,407.03268
615,674.8981
3741,426.19186
14957,670.01
430,386.4704
2007,294.03192
17652,487.34232
18160,536.6541
8735,377.85474
18121,1051.6185
4125,2627.6326
6897,291.77588
16646,391.568
13731,587.88727
4524,513.51276
14108,1338.6685
17782,453.22308
7382,656.29755
11839,499.03256
15281,242.9173
14840,966.89136
17682,379.419
9898,604.0493
18766,570.44556
13555,636.0593
3798,234.9506
9207,446.67105
10862,456.8784
10624,357.33862
10905,296.12463
19255,549.36224
18233,420.7062
4872,539.2357
9626,397.87854
13113,502.12225
18793,250.48145
15019,463.20123
7970,295.2918
6346,1156.2001
3287,582.594
9179,478.40335
5523,784.936
3676,464.45
5772,383.9626
18087,421.38535
8476,473.99875
3375,396.53073
14759,496.24484
13247,494.7773
20691,266.26385
17700,448.64038
4998,448.23743
8528,365.00095
2700,416.4255
14012,748.35645
7375,398.19547
12102,657.92255
7804,351.9671
13608,633.98413
11052,480.85065
13933,474.8271
9043,377.34973
14417,301.657
13488,600.069
13607,848.7557
950,1472.7216
20644,1018.54425
6002,2252.7332
18246,1060.0001
10561,271.6251
7439,200.06372
20636,389.85388
11782,591.90265
8554,1642.5776
6651,398.7579
11948,423.80682
17885,324.10486
20649,2244.5225
20433,268.3232
14405,493.44897
1959,568.0413
17026,2493.3745
10442,301.4334
12912,450.71765
18348,453.1242
17934,2725.787
8428,448.90283
6200,696.8634
10687,567.6316
16547,1425.0176
5778,306.77576
18683,2573.5288
19052,1174.9973
18688,559.05585
18266,711.9617
4292,1037.6198
719,625.87354
18846,2855.0105
12644,546.11914
17614,472.15897
20756,610.8034
1408,310.5344
19075,323.3324
11681,704.0811
10488,449.46344
17223,641.30865
10992,326.67484
19379,1738.9065
10896,315.62314
18871,201.58571
2815,328.50647
18307,294.4253
19536,340.3842
12667,4143.204
16623,801.75104
1628,500.41037
17431,675.82916
7934,401.77744
12817,314.513
5156,258.38235
6588,627.2934
14847,670.9771
1775,406.85162
19167,667.6875
2929,379.92767
9609,392.45078
16711,1634.5491
20594,564.4243
8202,1794.1768
4507,319.74237
1944,471.97467
18003,615.1022
14287,3141.7568
2224,391.28668
6178,391.54852
6267,1534.5621
10508,309.26538
8089,477.02444
3450,546.1229
14507,595.6687
18783,276.26672
15726,978.54724
20260,469.44458
10638,489.49115
10414,394.8959
19375,457.6365
1902,885.36566
13834,645.70123
11807,2573.5288
741,579.1878
10497,451.7306
12241,1989.2814
4714,475.9433
8258,1857.2877
13588,1265.8284
17446,395.89136
732,798.12506
3326,2588.0972
12012,237.19905
5688,547.939
13342,371.19562
6583,570.4068
4774,884.7535
6026,274.4675
7111,621.34186
15353,322.21628
18425,742.946
2368,293.28488
10979,317.3982
7717,347.78946
1576,342.87622
7154,832.3119
15871,551.9301
18659,347.6017
3162,462.07626
5694,486.7818
11042,457.92188
7370,218.43222
5218,530.70996
7190,790.07043
9020,1870.0454
19313,397.48465
5550,504.91605
4359,563.0648
17103,620.4568
4795,1768.0906
8197,319.3725
2953,328.4815
10716,2007.3904
3746,688.7951
14973,534.7273
20578,871.8156
1564,1675.7855
5424,1018.8916
12116,457.34143
20085,317.1527
3762,314.01767
2406,235.93333
19657,362.4461
7855,291.03287
16586,626.5971
9799,426.10175
11444,308.01715
11800,586.5829
3107,1023.0097
20285,1090.0822
9080,696.0982
6635,713.4534
17395,375.12027
12184,874.4146
17100,355.26602
16148,1100.8441
7903,496.50778
12608,812.11115
666,453.79105
18100,442.28906
14717,364.14066
13324,366.82147
14189,286.35388
3461,2053.8276
19775,1998.7056
4075,352.351
19111,495.52026
7551,258.62576
20848,303.47955
9140,728.3381
6740,512.8895
15578,363.7919
14791,563.1285
16497,609.47217
13686,866.9689
20762,516.2265
2364,227.36543
12545,359.50525
10225,580.4901
13221,257.9268
14812,264.03726
16530,270.95355
315,332.7658
6953,619.10645
4723,597.759
17802,835.16205
11484,4223.5605
1874,299.9187
4649,330.01135
18207,507.41287
4386,258.75052
6434,441.93372
3069,407.2472
15930,588.9932
14733,406.35034
3883,412.07202
9445,452.5968
2352,509.6767
9247,366.39716
15399,259.4108
18039,573.8025
15398,696.34674
15033,332.66736
4934,462.26324
3224,491.10522
18343,2071.5042
10785,519.97736
12486,2598.6233
17587,505.04282
11340,388.65216
9742,307.8142
5505,369.9631
20423,268.63217
15009,460.6449
8734,367.72073
2263,514.57526
136,398.00888
12916,671.7012
3873,465.24286
11464,428.49683
4512,755.95306
6069,556.71014
18268,336.36874
14624,491.85193
10060,357.31516
17500,389.33023
1898,194.08887
448,349.5049
18279,344.31952
11814,357.17422
5878,341.014
20559,419.8684
95,592.04785
11020,657.55786
20380,523.65314
3868,1895.2896
8365,695.4561
17476,334.81152
11208,305.5974
3037,269.25134
8940,407.67432
2491,348.91052
2404,586.09174
20204,555.7316
11037,1563.4774
3814,3135.3474
6838,2132.0242
4456,279.9474
4646,300.46265
15179,1421.2214
18208,364.65616
10478,485.46198
17102,2055.6091
20097,615.1427
18990,752.92395
18569,1018.72656
11445,302.85638
20948,410.03543
16346,594.6242
12943,416.08618
18835,426.18015
1589,492.5805
13127,395.31674
11731,395.85022
937,1517.3843
7788,2850.841
8664,151.63873
8067,375.98917
1779,820.24036
9520,495.3376
6943,445.58752
13212,473.91376
8456,2326.8228
14297,203.93112
9677,479.07925
19908,4060.309
11764,766.2606
13543,439.5389
15722,591.72485
1989,329.12985
11105,446.22635
13906,381.7148
20739,327.433
8778,549.0316
6720,540.96783
15000,353.87463
2021,1676.6492
14950,1970.386
16974,207.82535
9174,585.33563
10376,516.14844
16875,289.1924
20791,575.8346
1495,858.37317
14807,421.48688
17196,519.09155
3126,271.49
224,292.9653
4431,421.9464
17635,216.09207
10562,419.309
18993,1432.2423
16661,416.672
8248,476.45392
13296,444.27664
14649,1525.406
5229,1649.4535
870,504.2947
8417,490.6036
18408,712.83185
10985,395.98853
14380,1703.9803
1533,546.10815
17366,3847.319
4062,763.4971
11915,505.0662
12151,494.7004
10307,468.94632
15813,470.25848
2557,436.59662
10761,946.80914
11718,305.85165
16459,234.4113
15032,1021.57526
5471,464.45
19998,1685.2317
18633,254.36038
16221,319.8731
9290,524.40015
10743,409.7505
5266,2700.6829
14926,396.25595
13230,406.0115
15913,190.17494
9147,385.50433
9818,676.78864
14995,1993.5078
6422,209.72607
15945,2378.5925
17358,361.10593
6020,358.65265
9120,585.21313
13362,1930.2362
7543,543.14044
13076,4826.1426
10332,473.58173
1861,359.81006
14118,326.25494
12920,450.91455
17466,274.64758
13515,328.08246
8717,1336.4281
20453,324.26953
3021,311.35052
16358,358.63705
601,446.8559
5659,484.18915
3214,453.92648
14901,328.619
5559,417.84616
4572,467.02048
2866,306.77576
16079,835.16205
4661,446.35522
5125,294.8319
2762,397.03677
6515,394.78833
12736,446.59656
10483,435.58054
15443,391.28668
13449,488.76306
2577,572.82227
18251,279.23657
5512,1837.4038
18184,493.09744
17022,384.42227
7408,2991.442
11195,334.27792
7798,505.17715
14413,741.461
18543,706.31934
8973,708.87524
14726,340.2417
13668,490.27628
15631,338.31006
1417,2400.4487
14360,402.39963
15657,449.22876
11428,1204.5955
12915,549.7841
10781,385.25043
16938,437.80917
14497,3090.4978
10410,939.2379
8210,220.01054
16391,393.0735
10635,266.7673
11984,810.7766
11768,796.42114
10128,744.1003
5248,294.3678
17386,543.8834
9322,1060.3403
4372,266.74628
1203,420.96942
17749,300.50476
14161,335.57993
1584,496.53226
5954,590.3723
12217,307.75793
3531,379.1345
16022,1650.1399
9920,535.0355
7151,988.64185
15096,207.71017
10731,474.13535
1671,252.22658
7975,465.05447
3374,311.81735
20089,1993.5078
15046,206.81314
8375,1713.0942
18434,1002.5239
12944,1552.5199
18201,459.58054
14654,587.88727
8846,273.07846
19426,500.83096
3002,711.8686
16898,340.3458
12381,549.7841
5403,324.68036
10636,432.10413
17657,502.86227
5906,932.9718
20124,401.93375
5467,400.3435
15521,376.84467
69,618.6908
20890,2999.7744
10868,437.95816
583,472.13028
10035,518.85205
11101,600.17346
428,339.02768
5356,222.36447
3399,345.799
4782,436.6723
17495,295.3116
10586,340.80765
10653,426.44403
16097,779.3112
16841,492.37646
4995,647.48926
642,351.77185
4535,337.20715
19798,209.31143
13801,978.9041
17177,228.39397
10682,745.39325
20807,203.78061
9953,294.1385
6830,467.13107
6626,299.9187
14393,394.6241
11830,2761.6802
8703,357.3554
1541,411.5101
15169,378.28323
9246,515.3336
11356,457.1116
17931,612.2678
4071,386.00726
15967,726.841
14434,2946.9204
18395,662.7783
12054,202.6881
7978,696.8634
3998,394.16882
844,338.22137
9917,271.36942
789,1517.0306
4380,386.05508
17154,863.42786
12305,799.0236
10217,501.36188
15029,527.78424
18588,361.23843
15108,611.0079
4398,764.9854
20298,248.16919
8637,749.59894
7803,408.02316
2234,401.71796
18852,716.6658
4917,501.38596
17300,299.37375
6672,380.42828
4035,507.13748
906,966.8823
10733,408.90457
18020,769.9764
9656,818.82227
16982,309.9305
16418,455.21317
7305,491.85193
14375,934.8548
19926,1784.151
1192,490.75842
4373,336.35657
20095,500.2448
17288,1248.9696
19227,362.0292
12811,315.09204
11345,623.4236
8577,473.46643
13321,1629.9377
9861,273.55057
738,563.6739
11672,1502.7767
19516,608.10095
12511,538.64667
7145,389.52032
17837,395.7652
17209,1000.536
1657,243.76994
3384,344.40863
11526,988.64185
16394,498.35953
18417,307.8142
20418,1100.9454
5176,1168.7445
555,596.20795
10989,297.61224
14880,463.72336
1800,1205.9137
17094,1978.4662
5013,667.1332
9176,550.7133
16519,1342.4277
12873,448.93738
9013,2278.3347
13103,262.72833
6344,479.45557
20034,710.72784
5940,338.64673
19000,2824.0679
17586,592.03156
8862,313.34763
1050,567.58435
8823,243.01558
15413,363.39432
3096,277.03125
9433,2321.15
12871,590.583
12540,623.4236
2963,625.4208
11967,396.02985
4236,304.40387
17353,317.3798
5905,249.87126
13596,446.92035
394,1192.5417
16802,309.13232
10281,649.6194
8413,463.35303
8791,443.31693
6727,499.49014
20572,1335.2958
18357,745.95605
509,339.65524
7945,418.32785
4242,283.7076
13666,657.9875
10176,352.77228
922,692.4384
20814,1359.3975
20273,1362.7277
17133,372.46384
15485,947.1595
8300,1327.938
4796,371.62515
807,1478.9619
14138,1501.9884
14198,221.14742
11049,348.10995
12603,397.86948
20417,403.87506
9312,363.60474
5492,581.445
6511,357.02072
8071,2816.688
16034,1401.9352
13357,302.59305
7088,521.89215
7694,414.267
1986,563.1285
17129,374.10983
8119,644.1556
17122,524.06384
11802,426.71933
3059,492.4241
13192,381.7148
7120,343.3056
10165,538.2856
6401,296.0763
4969,656.9799
329,479.1612
6273,1628.2163
20767,279.8147
3090,785.5149
14579,289.36166
18980,327.8725
12323,242.2084
18810,344.49133
17398,420.23944
5834,401.00775
16580,601.112
13150,755.95306
17130,401.5054
343,543.6282
15363,1870.0454
31,452.32452
10693,298.4698
16963,452.3464
15850,1158.5367
10133,477.39914
6309,538.7588
8527,300.31052
19152,424.56058
17648,541.1239
10526,658.68915
20386,1690.0819
10110,335.98547
17442,358.3088
20870,571.7537
11243,274.65854
4366,570.13837
10037,2824.0679
1388,313.3742
5963,303.8513
7414,310.40536
6308,497.43753
16837,730.4396
19290,788.3503
3582,196.76411
2556,235.92316
13510,880.11487
5893,1422.9701
13487,296.12463
15973,364.63055
6692,499.98355
13844,310.30103
15616,359.31992
12198,443.4655
6159,479.1785
19871,414.08176
2725,518.1883
16158,733.60004
470,1637.9631
2702,411.3083
15632,463.20123
12542,1212.8376
10437,397.59048
4611,508.20425
16822,432.5927
19294,237.44183
11324,348.3808
6970,689.2
10175,272.93854
14822,620.4486
1833,2435.8835
9640,634.5865
9476,302.82712
2194,303.35013
5673,465.09894
17385,592.573
641,2213.8103
9098,436.5259
13575,432.36984
20579,619.11865
6887,404.0676
18403,389.68335
17460,473.8349
12092,2183.273
7170,250.48145
13416,511.82983
14954,205.22357
316,751.88495
5764,429.12778
10121,383.9626
14026,418.75162
6659,397.86948
3665,504.98022
13956,405.64786
20288,208.74118
674,532.2608
20179,240.19562
13764,397.86948
19311,450.68124
10319,238.54048
9049,478.5281
2061,300.79034
20293,254.77737
8646,341.0622
11538,778.5734
2809,412.86942
8722,451.86972
17445,384.2793
10457,502.60376
921,513.125
20788,1092.4447
6698,1496.5469
14538,429.63623
20712,203.73943
12747,299.35434
535,1133.3608
15592,411.57138
2878,490.49295
15334,696.6221
6360,851.30884
6942,422.54135
5301,623.9614
5848,494.91928
4721,1021.2618
1610,255.12747
1015,1075.2231
11581,332.01236
20931,296.60587
13558,445.5427
2329,308.30746
5917,522.2202
5877,954.3635
19994,563.1285
13527,421.67563
17744,424.55188
12659,487.75845
13916,549.7841
7539,2097.0903
13249,587.38965
12711,203.69519
1755,556.52045
11128,653.5844
12205,303.4194
8705,258.2971
2232,456.8784
18611,390.87927
17789,446.29678
2494,399.56772
5151,256.29196
14246,1582.9805
12316,769.2459
2347,713.1052
8964,596.6652
16951,217.29771
6391,520.5128
1359,478.9209
19461,439.30005
13326,967.42505
12248,328.53564
14094,297.26694
3151,1351.209
11402,393.77667
20093,386.79605
18520,1020.3112
14642,2169.2615
4462,546.25507
4143,360.9928
20601,741.2947
1531,320.86517
16052,557.06696
20359,588.6793
7880,329.5486
10554,226.5449
19335,189.77187
6225,636.07117
13233,213.58118
7790,427.44244
13070,389.27374
13865,655.8657
12704,374.14514
9487,499.8047
13049,1923.9197
7415,499.2985
17230,391.568
14134,468.47968
6522,400.4013
7171,388.71957
16012,547.95905
6163,610.5452
14193,815.67377
8238,703.4851
17513,553.3797
4468,511.625
20810,355.20142
14407,513.3311
18848,1549.9263
18010,479.81366
17017,560.4708
10423,497.00064
17901,765.67487
8046,403.35684
10436,456.7562
12247,428.3544
5658,676.0645
18698,201.22523
18171,376.938
18433,418.6083
12237,736.7795
17101,465.65897
10309,292.5554
12283,747.1849
14077,1548.9357
4958,404.2072
3207,296.9376
4289,198.36224
17571,948.9393
4783,834.0286
859,825.062
17578,2866.9148
3176,339.76645
2889,1372.523
231,379.99564
449,1874.2542
7937,200.06372
6197,465.9258
15612,256.29114
181,603.61255
18562,888.9935
3243,1061.9987
14858,251.28716
5267,414.28137
5892,179.98097
16868,382.01825
12888,306.72626
1189,1047.4117
1854,659.69275
6039,415.66373
3647,475.24683
3729,305.5782
17340,693.8227
5258,483.02643
5648,423.4617
16339,293.66086
10728,1330.8601
990,607.0985
5894,629.7863
11311,197.67131
3572,398.46155
18586,657.9875
1979,857.10516
2796,314.86282
17787,355.57614
11983,419.48276
14355,1628.2163
1724,545.0659
18601,888.9935
17813,333.47153
8867,468.02405
617,496.33966
13701,488.75272
7604,652.2746
18555,512.5193
11804,409.39236
16121,2198.3875
16007,1501.9884
7920,298.91855
13730,421.5154
19654,602.0972
14797,402.223
15719,489.90192
19944,321.57443
4882,2179.7053
15333,500.65802
10199,505.23907
16636,523.9792
20938,412.13663
15396,357.24667
16217,453.98114
19827,2104.4612
1749,582.64056
16980,190.45216
15838,299.05026
12449,407.67432
19260,484.01147
13755,426.48242
14593,243.87476
6870,251.28716
19738,328.08246
5394,561.08704
3544,418.56607
8795,535.9143
16954,486.39856
5232,359.40094
14513,1639.3633
5209,463.04187
11779,511.89545
1265,961.502
12759,310.1669
4880,595.2098
17124,442.71408
20270,258.26584
2435,2133.1565
363,394.2449
18298,2766.0117
18924,409.82822
14274,545.7338
20771,527.4921
1481,300.50476
12917,266.74628
4389,276.86896
17283,488.7183
5305,2440.3772
5217,486.96512
20779,494.60452
9618,596.18005
10588,455.7837
2056,444.14893
1090,471.46628
13982,390.56903
13831,302.12213
17844,862.6642
4791,446.91144
10515,302.07404
8072,434.89337
12568,499.8047
12566,413.4553
4873,387.36838
19331,663.6568
6548,4199.5776
6045,1852.8726
8647,495.74164
2639,356.04703
11180,401.031
18589,1574.6729
17294,337.71677
15972,942.07336
352,489.93112
8830,284.60007
8874,226.51343
1437,1070.0658
11810,315.31683
10661,387.47287
6113,441.94357
15446,481.33252
4263,493.67834
16570,284.72543
4231,465.76437
6281,371.0385
16250,305.76712
5365,436.38678
54,456.01535
12749,393.0735
586,445.3431
6315,594.0291
10280,484.1691
12388,610.95465
638,445.61356
3482,355.66226
3252,302.12213
6718,245.55956
12353,433.069
2116,495.51547
7219,500.9932
12639,251.88817
18642,1538.9084
10841,756.0012
13081,609.16266
13302,320.4353
16466,398.04807
9580,693.55237
8437,397.87854
6131,552.52673
2714,1747.2958
4551,449.0049
8185,1700.1466
5101,406.81024
15070,1062.4742
5092,598.2197
145,410.07138
7029,489.36255
582,416.61353
8713,397.48465
12809,201.7535
13886,459.8175
20385,437.02643
11432,498.3303
14455,475.68213
14651,376.17398
10529,219.50745
9090,147.48744
4748,670.2828
11749,516.0979
5020,352.78314
20024,560.29675
18722,363.7919
4241,460.99042
28,805.96075
6554,527.4921
3806,413.63492
4215,190.17494
6366,594.6242
13333,440.9459
14925,401.2578
16549,480.85065
14293,149.47192
13830,391.54852
17328,347.20966
3240,495.51047
5418,459.8175
2732,2024.9983
18677,353.2838
3853,329.33182
12993,312.2924
9883,441.27405
7837,397.45197
10209,2179.7053
14523,396.70605
954,373.94986
7529,328.08246
17651,400.90878
19572,342.45212
11354,965.171
9743,427.05167
987,333.7579
20551,2001.2719
16348,291.83005
11079,590.70276
11025,689.6332
12062,529.8548
13123,834.204
14494,747.6913
3830,440.2556
5653,450.6568
20027,589.1871
10559,419.52466
14838,3295.9963
2297,515.89594
16677,2526.493
14425,219.50745
12232,349.65707
9369,326.818
5993,256.93326
4322,570.2812
8553,1745.9241
20144,322.21628
17176,905.70355
16897,328.4815
19312,268.25818
12393,843.4319
704,534.6519
15569,501.86163
16157,476.23062
3990,443.59552
12239,3064.1416
20480,747.14105
16495,391.28668
15855,542.8351
11959,693.9324
7349,313.34763
4840,423.80682
3412,526.64606
4582,549.47046
19425,688.16486
6555,570.195
9739,285.24606
18236,310.34213
17082,474.6324
768,493.4538
2331,458.7334
19512,1002.807
9613,635.5577
17510,748.5305
11738,522.21466
6503,380.95795
10692,3659.92
777,469.4156
10600,292.11603
9171,472.8787
14484,647.71844
4169,755.1309
11319,359.16016
912,830.8152
6641,835.16205
5737,564.3214
10296,551.1776
15950,496.0523
16582,494.7773
8135,329.5684
5712,346.4905
12982,424.55188
5486,2769.742
11784,1982.9539
12671,599.47186
5159,493.0923
9347,450.96
843,2043.147
12480,593.0152
5368,375.30515
11624,1341.8225
73,745.65765
12202,257.9268
17417,535.7465
16194,2739.2117
7232,457.9866
12882,450.33246
10689,178.76517
15160,422.00827
9823,395.07333
568,625.8353
16630,398.20642
18618,703.4851
3933,505.0662
9951,474.13535
10003,1046.4818
2515,2398.0344
645,486.68335
10262,398.83316
10599,358.67227
13808,273.68643
528,353.58487
6680,381.7757
17991,1583.773
17568,485.84732
16145,567.08484
16825,364.63055
18143,436.63498
14966,820.4841
19746,2111.0176
15344,283.30997
3568,478.38226
11008,629.64954
19528,403.78268
4152,550.69635
14873,372.81415
9450,371.5198
15982,974.53796
10966,496.45407
9340,456.56958
19113,355.20142
1019,616.7406
15133,2105.0312
8689,436.55865
5166,418.29755
9669,261.61166
15994,468.94632
17890,955.0974
13052,384.1662
8148,198.886
679,633.9301
20511,787.6257
5419,485.53012
19783,2075.607
8977,859.5683
5242,653.18567
11958,201.38934
7015,311.81735
9453,156.34996
13381,558.7118
17541,250.84685
1422,2808.5198
227,429.2581
16880,432.58755
1723,538.0641
2587,402.4635
19509,386.04376
3217,146.50409
3089,520.85815
822,817.666
8458,380.39944
17410,252.38351
12441,314.8922
7407,1456.4684
6239,1929.1672
17936,327.0642
6407,570.5492
20675,441.45993
13267,307.8142
16660,437.22852
17257,459.2203
14568,354.0585
232,449.80872
4252,245.72354
2947,591.90265
3920,499.90637
12913,403.80698
5291,438.4072
7759,1254.2018
5243,403.04825
8772,1056.8219
2025,450.29782
10767,3213.7317
9155,198.15668
8186,251.88817
4017,384.1662
3180,3051.6965
3753,869.43085
16063,459.4617
17192,431.328
3927,353.87463
11201,445.91663
1438,888.9935
11419,407.04282
14572,711.1875
12936,2955.5017
15303,470.65305
18243,571.71924
6400,506.24014
19602,383.9916
6556,1960.8475
15447,634.76215
19707,273.0572
19276,373.12024
15342,359.503
15953,456.84695
18033,506.8382
20025,2000.324
16699,1047.4429
4039,418.6083
18042,302.82687
17591,612.2678
13636,478.28467
18167,516.67896
1350,377.99817
6976,350.16318
13436,591.2232
1731,586.1994
18469,501.28372
3645,1095.8474
661,681.1499
18358,1509.7911
19220,179.06181
1784,888.9935
19153,2056.6443
5452,3708.955
15496,439.93692
7325,996.89484
5633,3160.1406
6896,403.1632
11291,279.8147
5235,944.5938
5085,251.28716
12037,394.14243
12945,702.63824
2790,547.8243
13106,275.7251
17111,596.05774
3351,471.9137
15061,476.21332
3738,692.9182
20877,1048.0447
3422,1594.4506
18765,321.73367
18222,388.90048
18615,386.46408
11113,272.91684
9257,500.88464
2893,313.3706
602,674.86346
17193,1476.1105
5656,251.28716
18118,696.8634
13440,397.41702
6289,552.2077
13530,1496.5469
244,444.934
4000,334.95026
19246,495.18402
22,317.28204
19677,448.14862
2477,577.74854
15089,483.39615
14978,212.139
7595,376.17398
6034,513.0579
20243,449.51135
19527,388.4361
249,678.07715
5319,500.23724
14492,519.5039
1613,606.47174
6614,591.05774
7958,3028.939
18913,472.14957
14528,853.88104
20086,542.03455
5212,408.08588
8306,441.0276
11363,917.1912
17388,491.43686
9952,278.40094
7747,649.04987
19700,448.90283
503,350.38895
16647,388.90048
16467,897.6927
20172,436.6186
17380,398.4149
6023,243.01558
16849,424.8975
15677,450.33246
8426,320.53384
7866,497.5555
17452,387.78754
19929,817.8222
8543,825.609
20307,643.8303
12837,1268.7185
9778,438.7282
8313,305.5974
4030,556.27606
17244,2727.6396
12976,323.8246
7983,2006.6584
1133,1000.3935
14899,233.66939
16015,834.51764
3863,711.8946
2466,656.16296
6005,483.53955
10758,489.94128
3934,187.96016
1997,557.6784
4663,659.3492
5980,444.36697
16295,334.66284
17926,447.1656
1831,233.25859
6935,729.8083
12164,475.98996
2671,1498.9094
20840,374.33975
6600,2906.4211
10832,485.25812
2990,652.2978
4984,538.57654
11670,1338.6685
16218,500.11932
11487,1208.5571
9306,3445.3726
8789,502.23697
14353,1775.1802
15764,618.3059
6053,711.34326
215,1171.652
6055,1527.6038
19886,362.96637
4769,260.47684
9067,486.67087
18808,700.09735
722,643.9012
15940,1206.9874
11707,471.68552
12783,484.8782
16583,564.28613
14586,192.93417
19758,458.37857
15769,300.24445
4600,381.95172
9150,315.73254
2860,451.7113
19197,858.37317
11261,501.92953
7497,372.83472
11688,464.45
208,578.7417
18260,988.64185
8582,314.9886
19882,372.52667
12061,418.6083
137,351.2466
17565,487.75845
4147,494.7773
3250,305.87665
740,493.72607
2505,404.18774
13389,471.68552
2147,462.74982
10568,287.83414
18671,326.598
17051,391.97812
12302,1046.4818
2960,501.28372
11555,415.84482
15045,1060.7874
1553,378.01062
2187,1127.2285
16526,687.9527
6774,241.86458
6495,535.4878
14596,507.7415
13466,920.7486
112,867.26654
16813,739.37384
5680,2501.675
7300,534.6432
15846,363.2391
17125,722.47144
20639,264.05887
13407,150.425
6236,644.40704
7615,358.36188
3407,708.19824
10170,1078.4062
20297,446.56317
20164,232.96815
19733,330.90744
6443,515.75116
15740,486.77997
5416,836.6704
10084,578.25775
15260,580.3834
9653,241.79967
12406,452.91022
9113,501.81702
3942,688.2139
8097,293.76834
14919,362.2946
4570,425.959
10518,448.23743
1940,1570.6171
3921,499.90637
6690,486.26727
2948,594.6242
20378,331.29938
6764,459.12112
4109,1376.0454
9014,801.0596
956,470.67703
3507,512.8153
15873,516.8887
13744,510.27823
14872,430.838
10444,2306.5598
14794,446.81848
6051,419.05685
5214,2749.3564
20782,482.85086
4937,696.8634
8345,266.99835
17754,470.13007
14517,593.8472
4722,492.4241
9116,169.72847
11825,353.37372
19403,328.65546
18726,1042.0112
3307,2027.8468
7428,379.98456
6220,237.50383
13044,498.5892
3264,496.23923
13182,512.5172
5253,287.5618
20819,401.84506
19661,302.59305
15641,734.5499
17916,505.17715
19802,393.14114
15345,416.86813
12267,376.35727
6586,549.87756
3509,938.7865
13178,359.16016
8581,256.12097
10338,1133.6726
19157,681.8908
17342,247.24557
13117,199.42827
746,462.6324
46,337.35532
9516,601.92487
2240,240.95207
13131,450.68124
20331,481.65134
18432,500.51025
15331,2244.5225
16671,903.0282
4424,590.5906
5610,3128.9202
3092,455.17
12929,349.1263
4164,513.79987
5137,346.5819
3348,631.33264
8792,379.419
683,563.0792
10814,287.45706
216,289.63086
17116,261.88217
1204,736.9423
10126,284.71396
17232,567.6048
5815,603.84094
6019,2403.6038
99,462.028
1294,310.8875
15111,454.18555
5250,414.44162
19241,272.546
13248,772.9442
9327,440.3577
3111,227.90352
1796,2427.1987
17099,600.0994
12930,475.01627
2248,343.31412
2353,548.23096
1887,431.9148
8237,854.8857
20642,432.5927
4161,511.60596
2498,1879.1593
5484,1949.5946
19853,498.7422
4041,3636.2207
17344,654.8684
19231,1354.8795
19467,283.4727
5516,337.31012
13289,542.8351
9141,303.85834
2611,486.78406
2183,941.83527
6160,323.04248
11275,305.11453
8391,648.4638
9674,226.20042
6312,819.80804
20498,400.07422
12052,886.7885
1514,439.8238
19613,515.1574
5771,244.86452
10651,721.5436
7017,359.50873
19718,581.2716
13168,2417.2134
4171,819.757
19939,266.46603
12835,398.46155
4816,1970.7273
19388,1179.8843
13006,492.7504
18489,946.4533
18136,997.1399
7486,177.56976
1546,391.9731
13702,348.7436
498,470.81314
3302,478.38226
14581,692.6965
14763,491.08173
19076,1199.9249
17107,496.80963
8898,522.8131
10033,676.1498
11615,1283.6426
15488,490.49295
11359,597.2214
1618,376.938
5646,334.35345
3228,378.4907
16996,522.781
2578,272.05478
12777,414.361
1746,406.41302
7550,493.7534
16545,529.5377
12420,497.8489
10053,311.81735
17427,411.32214
8462,249.80855
1534,297.76654
3354,385.84427
9972,307.0845
1247,538.39966
18453,447.58228
8319,623.72015
8901,458.37857
14614,712.62866
13927,449.70462
14920,2095.551
4480,817.8222
2743,748.35645
9111,509.41727
8900,592.4334
6445,425.76355
9717,1462.2137
7955,287.44122
5456,572.97754
6731,441.2596
20450,289.0143
875,397.97107
5055,994.6481
8393,455.33844
8508,2401.3718
13925,349.69333
19826,299.598
11840,398.4149
18609,290.78735
16738,340.19385
1079,1299.7717
12476,1596.7955
10710,696.34674
11730,554.2065
12604,674.43304
11109,266.7673
9477,944.48834
5608,292.77374
16912,245.03781
11945,417.18433
15566,494.22617
7532,2105.1772
6831,505.0662
18149,328.64157
84,272.15598
17145,389.17355
8513,297.94366
1067,499.98355
17302,508.82474
15420,590.2118
7785,3549.3848
1814,254.77737
14712,121.325485
6707,203.69519
20250,452.03018
11303,660.9738
19223,252.21463
10413,608.93207
10753,456.8784
8622,258.017
4182,524.67206
6550,491.41934
13386,473.84924
20942,323.6173
810,596.4887
12146,506.3068
17679,453.62405
8590,337.87375
7716,235.10532
20336,210.92519
12456,808.3209
11757,444.7098
6076,404.1766
4990,289.06125
2503,527.9054
7700,1248.9696
15369,2677.904
12707,2444.6235
11071,451.48083
8431,249.94891
20858,2327.0962
4351,339.60004
11701,1144.7418
10454,387.13318
17535,590.9476
13490,1901.3673
488,615.58746
8610,392.11334
12201,459.4617
8537,275.73892
5640,374.56604
17262,381.39578
16326,304.65918
17199,364.55933
3671,939.6947
11987,507.7398
10613,366.77707
2949,371.4002
1512,491.28424
15896,898.0579
5384,323.5782
2067,238.31104
9785,431.7197
19057,473.46643
13412,467.65363
4585,630.07166
9872,384.77295
2273,450.6109
20099,1015.97577
13224,237.44183
5935,1058.2657
2033,507.34946
913,821.12024
15388,438.7282
14322,271.49
14769,2139.5166
75,582.2136
4494,421.45755
9611,457.38684
19449,617.595
3048,209.63033
10970,322.04022
19879,745.4182
11813,343.81628
9829,543.86005
9282,378.2573
15090,698.27344
16509,451.28848
18979,1907.6194
19553,1819.4983
1061,747.6693
10367,150.425
8758,1920.22
522,577.442
2686,442.54184
6760,969.50964
2195,784.46014
14396,949.57623
7406,833.13635
2666,482.006
14159,468.44653
12529,243.48502
2010,768.4758
3793,1402.5105
16270,464.94992
10620,707.7167
9848,414.6224
20150,482.506
12907,1496.684
17794,332.48615
4331,1979.3544
9210,477.7929
19135,452.62274
17319,414.1712
2682,516.5306
10141,1049.7147
19281,210.24544
1836,284.71396
15536,471.32385
6777,532.26245
19150,673.3446
9563,319.85507
1809,360.53384
12261,508.52875
9213,246.74391
3009,232.79945
2867,1121.4642
50,2880.5637
2728,201.7535
3452,352.77228
1777,392.5022
12754,727.34357
4181,819.757
18206,545.7338
17227,424.8635
7204,850.67426
8001,318.2199
678,2552.1167
5677,289.22208
1200,563.1285
7956,435.0438
8538,484.39478
10087,697.8056
8004,771.55225
7445,756.0012
2288,501.60315
14516,377.28708
12755,901.2923
11082,517.9865
2481,298.91855
14510,481.13757
20240,648.91626
19868,379.1345
13424,356.248
20764,578.3771
11415,914.9394
4982,419.26724
5593,747.6913
20783,310.6277
19232,441.5469
6721,1000.41034
19503,496.17966
9001,227.75316
9217,359.81006
3760,570.4068
8945,412.94876
7086,424.42587
8954,727.92004
4785,406.31152
1517,563.3377
3100,405.7701
13473,743.98846
5826,1496.684
11368,383.9626
1971,550.67126
1884,495.8943
14673,290.02008
1119,482.26886
17721,463.72336
6210,579.61835
6847,685.3962
11123,285.12167
6409,378.31396
9054,415.5284
16101,296.46402
14288,297.9983
11741,726.47
4100,1049.7147
19013,207.81435
1878,655.659
3496,300.50702
5801,487.9156
4279,429.38754
18680,1373.7883
14742,585.0631
6276,401.9587
13345,450.81345
12264,1338.6685
9266,885.36566
13897,451.7306
15487,296.3715
16831,592.66974
978,438.02817
11976,282.0998
19176,463.26636
17220,494.22617
4481,310.0172
4317,584.88043
9881,451.99295
12668,745.95605
13498,627.2934
2236,463.71893
18155,381.31284
18792,885.36566
16960,531.05597
8967,627.5008
14611,999.66614
11254,313.1886
11500,505.0662
14376,1003.9252
10116,1086.0522
5639,569.3847
15454,449.58813
17967,390.83234
11244,561.01636
19541,257.1957
6442,819.80804
20295,851.8463
3350,752.92395
3799,448.23743
18074,2565.3843
6466,591.2232
16324,1881.0522
16054,356.7368
7601,321.24826
10152,4017.0623
12063,288.1504
12243,406.12936
15080,446.74258
18479,496.02267
2520,449.51135
15585,1002.65173
1642,250.88702
20374,529.08234
10580,2114.0315
811,1620.9004
13638,690.7103
16410,263.66586
14341,660.36584
3193,438.61673
6506,2501.961
8029,382.48007
8955,489.17865
20504,499.12433
17084,2143.65
16649,2486.226
15772,378.82495
11702,522.8667
2729,571.01697
17946,526.8304
12078,246.20337
4950,351.9103
11644,384.2793
7313,602.9
10026,957.92633
17160,243.4219
15214,414.8669
13341,316.84897
9557,1046.4818
6908,503.33768
8691,342.6515
3684,690.9656
9981,399.13586
7655,798.37427
7980,394.7595
8626,357.5506
10450,1667.768
15576,1967.2793
18989,510.84116
9697,689.4562
3327,559.5721
15231,150.425
4798,642.26447
8450,545.8895
15687,359.40094
2100,597.79956
5239,587.73236
3398,526.8759
10134,282.85327
14263,280.19922
12829,332.59735
2381,2004.517
17093,505.43033
10987,366.84488
15892,299.01117
4834,1262.6777
1928,496.94073
18141,452.5968
15093,489.61102
8643,479.81366
12453,839.0667
13330,790.07043
4048,1062.4742
16720,505.23907
18341,2146.4153
9363,756.0012
7459,591.4229
865,470.16336
4921,221.26346
18803,532.94055
8283,333.42636
11393,472.49738
15723,404.37183
7018,323.04248
20411,544.35596
18490,755.1309
17003,204.19054
13698,843.4319
15255,180.0377
2907,310.43704
11778,538.1297
1577,237.50383
13074,687.35583
14883,337.31012
6222,306.07455
13128,438.4072
2434,346.1726
85,445.36887
12193,273.29306
12417,637.1691
8304,845.0051
18877,464.30444
1579,355.78473
1623,1926.5525
7500,370.1085
12335,1462.2137
867,351.80814
16759,1105.6183
10453,339.55716
14969,667.6566
55,419.1551
8305,797.4228
12594,2427.7786
17429,421.39658
7282,744.0782
4,519.93787
9318,4777.421
1970,642.85815
12770,727.17535
20697,323.3324
19811,345.73624
10115,2514.2546
8230,201.7535
2064,317.3982
4234,2255.6174
10903,465.70966
13255,2425.9138
1696,472.23563
18443,455.151
15636,353.71817
15436,1354.777
2806,1949.5946
1544,986.477
1071,256.8818
17066,486.25974
5760,365.00095
12957,677.9039
18103,838.1896
2573,696.0415
276,587.2997
8718,498.91278
1235,540.4091
1206,237.40384
8855,851.8463
5446,655.19727
6937,442.40802
5849,3213.7317
9060,378.31396
14591,505.0662
4417,699.3096
4135,291.48068
2959,2060.7705
17783,1525.406
18242,449.02475
8595,308.4611
19797,2260.4026
32,1375.12
15869,506.61343
15471,488.27982
11353,381.78
15720,2783.2043
7172,294.0373
1212,463.26855
18317,1522.1295
6481,313.2252
6437,488.64856
16909,373.12024
5921,1521.3956
17198,636.21844
7960,605.1401
4370,309.07028
6147,496.34232
5978,693.6385
6403,291.18652
16766,511.60596
3511,477.3645
11222,489.06525
18514,414.32132
18655,370.63806
6257,3847.319
19983,646.14264
12207,226.5449
8564,357.17422
5713,2256.7727
17293,485.74448
9736,383.1273
16401,185.53844
17974,494.36203
19274,452.56158
3742,493.05432
14265,1092.4447
10895,489.86844
11161,429.86435
10570,354.27112
2165,450.37317
11418,328.65353
11485,727.0446
15525,302.85638
4142,372.5584
872,3111.5837
15963,206.81314
9078,386.00726
13715,435.5826
17962,282.08493
12210,383.9916
3906,706.329
12171,504.8402
10385,404.63513
7473,384.42227
11325,311.4336
1236,2967.3987
4288,476.17465
3299,493.83795
20741,458.78333
1366,590.67804
13979,365.9374
16959,721.5436
407,787.96344
16667,2208.91
3405,914.9394
942,465.66278
19330,746.8915
6765,1049.4934
4627,284.0992
11516,1178.7426
10245,427.8484
18883,759.3746
7693,228.8521
12274,1446.1945
16426,2280.768
2392,1045.6482
8332,667.1332
3648,721.5436
7614,307.66873
15310,413.06854
7731,521.42395
12255,635.0163
11553,391.97812
9426,834.0286
3364,106.55878
16341,2551.188
11994,533.37146
1211,587.48285
19586,455.7577
5230,462.30713
16932,306.19418
3426,564.4243
19068,513.08813
20309,505.1169
15921,234.84094
5934,1335.9601
16931,414.52148
7197,309.9305
10081,404.1835
15625,1202.766
17799,3102.6243
4064,263.60074
3495,279.9474
3984,622.5019
4530,804.05255
6531,486.53876
7736,765.65173
14959,364.79446
10151,294.4147
11423,375.0948
14204,514.054
18574,1794.007
10055,819.83966
7169,353.14178
3456,498.27225
132,1120.5845
14661,256.93326
10474,298.91855
18873,569.64825
12287,434.82547
16342,293.42526
3913,392.37216
6377,260.09128
14857,256.11545
16593,1637.9291
18772,377.18127
19268,585.52234
2118,490.49295
16470,2727.6396
4832,314.86282
20174,391.47195
13963,392.73392
10275,462.27332
12653,495.74164
10132,291.22458
14223,2298.8752
13163,392.36713
3425,245.76154
12748,886.35767
10646,376.92767
78,502.852
6319,406.62903
10683,499.8047
2387,2091.4944
16068,2800.2197
14828,428.6395
3556,326.598
19764,1188.7474
6238,1488.2489
7006,435.33658
9019,318.43176
2080,424.3858
2027,298.4698
2558,300.2649
16894,420.9414
15277,317.11954
734,403.8272
18062,712.7339
2647,492.9431
3486,500.8225
13238,354.09692
14561,512.4293
11238,409.52505
12284,567.7613
10173,495.37854
2589,503.09058
603,2261.4866
16141,205.37721
15251,1328.499
13038,355.3081
4701,505.0662
10409,594.2242
17522,661.8116
18511,420.96487
6701,414.28137
7976,1507.9049
1532,1129.6655
11679,227.36543
8906,501.78198
5115,414.28137
6714,978.23956
926,778.15436
12892,362.96637
9882,203.93112
2680,566.69037
17369,781.9523
14987,396.02985
17378,436.8861
6065,352.2321
8420,414.5147
9837,638.7554
1987,395.07333
8921,359.21198
17873,493.44897
6064,745.95605
9960,416.4255
5678,404.9138
20775,2091.6357
11212,392.60593
16787,348.46136
16752,410.01993
12779,357.17422
3735,735.5334
16479,535.7465
197,557.338
179,455.6023
5402,300.24445
15264,561.44226
9859,169.72847
7627,401.79147
15141,499.0964
14720,402.92026
13239,597.8054
10838,495.1869
7100,637.1691
4342,754.4214
12290,3222.9058
16336,563.83215
13379,365.77963
7392,1742.544
3049,267.47983
1896,492.92242
12495,494.7773
2314,538.5208
4877,404.77194
15669,734.0564
5571,533.61926
5206,207.66727
10046,543.10254
18599,526.21814
16873,369.10272
6661,400.13165
13047,343.20383
17964,395.55783
3173,426.44403
1327,459.23087
20088,380.05655
2969,501.9099
4493,2113.3865
6825,636.0362
11233,641.1776
6793,368.8805
9083,591.9172
468,401.1594
5121,289.7185
1726,320.32864
12595,1603.6125
17935,587.4112
5430,451.09842
7683,325.00583
5730,603.84094
20888,474.1052
20352,581.3288
8397,2053.8276
19256,314.53687
9440,1329.0933
6964,2452.19
17426,485.14005
12674,508.97946
8958,276.5705
8151,417.0191
633,1889.3845
11357,341.54553
2511,807.62714
18658,1047.0322
4046,919.88367
11414,241.83714
8187,457.75333
15236,498.3303
18220,720.36615
18804,2213.7554
2824,1438.8503
13689,189.25388
12810,393.3127
15197,1923.9735
11379,359.69052
5983,565.08215
7630,140.23283
7585,900.97015
3855,329.08783
20132,670.5929
6633,487.19305
3836,409.3618
11748,307.8142
18097,431.7197
2023,515.25995
10510,2015.4464
7981,376.58774
5569,545.5728
3273,462.9193
14693,605.6631
3178,383.0057
8278,580.3834
94,595.9233
13811,463.78305
8926,328.20538
20212,368.2285
16955,435.8779
9938,374.51544
9902,531.9196
5362,1373.7883
2822,492.1073
5296,305.6438
2478,544.33875
7367,450.71265
20886,2030.6284
9046,344.32278
3897,324.79706
18967,318.2199
2202,1272.5105
16811,2704.4487
11474,395.43073
18478,1410.8096
13981,736.63495
1358,727.17535
15007,490.37244
7437,313.07352
13374,236.63705
4977,475.66522
17599,1114.4613
8344,489.90192
13789,953.24146
10164,377.02087
16791,502.21292
5785,469.30972
5622,203.93405
7504,402.66617
14011,1101.8298
15408,641.6453
13284,417.68597
11204,566.55505
19418,465.43518
1410,595.3481
10401,575.37335
10750,385.2984
13001,459.9739
2518,343.31412
10816,306.8213
13650,1822.4172
5461,335.28424
8399,405.5452
20229,516.0979
15228,537.16504
2655,295.08987
20425,491.6823
8698,456.61124
3211,1059.5565
2231,494.88083
15639,802.9925
2612,490.95068
3421,605.7316
16934,391.59036
4454,488.28818
1392,282.4392
2988,408.8745
10008,347.45493
4974,880.11487
15379,459.81293
10107,3094.1985
13745,412.7444
8070,2100.2808
2780,325.426
5568,379.6095
3778,791.8652
3817,482.2347
12471,214.45897
6865,1585.9777
1558,443.27457
4375,441.10547
20707,595.77246
15492,430.44202
12189,1393.5289
4473,2452.19
5969,314.42175
6898,587.48285
12364,546.6534
5615,383.29907
4623,454.90833
6756,421.75244
4418,400.38904
2184,2472.2783
9208,402.223
7010,602.60736
15477,360.39926
10734,685.23596
16493,393.9553
7454,401.14484
7816,2822.8909
17458,479.1785
5627,405.24704
2030,516.54614
1656,1982.9539
10885,292.88498
1160,459.8175
19741,274.2947
1490,599.4079
1768,329.53635
10344,399.4766
14354,472.2992
20517,643.18146
2793,262.80896
12033,510.54156
1286,412.91122
15861,592.8987
17734,556.311
10282,292.28232
14369,553.52875
3834,888.9935
11493,827.7805
14365,734.7408
1281,428.43137
6786,550.7133
387,427.85544
18573,447.38333
8042,499.03256
7039,3894.3474
1215,418.29755
5479,783.6415
12270,464.089
17305,498.07327
12225,1040.502
19456,2596.018
9551,192.47731
18013,201.0391
1004,264.8289
1081,308.44827
5889,247.3753
18811,569.14844
17996,3094.1985
17856,624.1557
3261,1130.0371
5345,397.86948
4043,597.7357
10353,1368.9222
18273,1070.0658
12522,315.17712
10480,302.57318
3078,410.65637
16536,712.5155
17684,576.1176
17558,665.64026
15254,384.10846
20208,466.26196
2941,467.2663
17047,640.6068
6249,253.56758
16707,726.9437
7358,382.7085
5909,1743.835
5612,485.4282
7957,501.28372
6328,835.85126
3192,496.64517
9261,833.1904
8530,212.4213
14102,477.00717
7016,745.25977
11253,240.15234
13807,299.89374
580,525.85156
14548,564.68036
325,443.64478
17871,190.17494
20657,385.89725
3293,549.7841
11245,647.71844
18663,295.13306
4944,595.0757
3895,418.6083
20633,392.55005
471,759.3116
5549,493.44897
8271,529.05054
19895,406.46893
7669,449.62677
14785,441.45993
8861,1100.4816
19445,201.7535
13862,1463.0043
19629,383.9626
9226,499.98355
10481,185.8727
8141,936.37317
19252,500.8316
2499,696.8634
11881,429.00534
8155,644.0852
1522,210.92519
15261,420.96942
17886,430.99844
10935,502.23697
15230,370.33224
16164,440.3577
18099,228.8521
16619,294.03192
19694,490.48083
5290,301.657
14700,1699.1406
10698,597.0577
17908,494.88083
15908,348.8631
10193,621.94324
9911,1799.165
1208,749.6275
16818,1999.1682
9707,474.9395
20930,1603.9352
1767,548.4626
52,867.0013
3562,169.72847
14695,452.31985
7666,280.7416
12635,496.386
3341,291.48068
10844,575.5942
17089,1571.5326
10775,336.5764
19427,2090.5845
18585,1753.7019
13400,461.39325
16860,305.73993
17469,820.24036
11262,477.07068
14236,546.6534
3276,282.61517
16588,375.65427
20221,383.29907
20552,446.72958
4294,756.0012
6471,365.9374
9185,277.72452
4803,1729.9473
4233,408.53085
4003,401.6073
16498,676.3952
16650,375.98917
16202,635.0163
10261,605.11554
16366,296.07553
13084,318.9662
13568,294.1488
11969,4352.3306
18582,604.55273
14275,227.8483
10617,565.9704
20529,235.47493
20304,2366.7317
14941,602.905
6613,888.9935
8221,423.80682
13344,412.86942
11503,408.8035
14310,551.86224
12874,201.7535
1185,348.3707
2749,1892.3295
2652,515.0881
13717,430.2714
12891,445.5427
14391,303.83853
10269,431.34567
20541,921.33136
13258,297.26694
19112,220.6452
6713,2707.6157
20051,488.81226
10452,425.15332
3837,398.93478
2606,396.00525
1085,475.12338
10426,294.4626
20314,702.26154
1680,2991.442
9178,432.15582
18974,312.63538
8787,321.96823
10360,383.9626
10372,764.9854
11338,1856.1831
16252,531.51556
17180,288.4609
627,825.58636
1766,471.36374
10584,2221.9324
14402,482.87778
2440,516.8243
5925,379.45322
3680,353.47473
1614,464.10336
20469,487.5781
10567,692.9182
4403,621.5993
16350,332.6322
2035,328.83502
11290,2967.3987
4192,400.6267
5738,2044.6755
4167,377.316
9771,2015.4952
11347,400.053
17389,451.17032
14192,464.24597
2122,453.98114
11612,4845.8276
17598,793.08655
19912,960.46844
11531,585.33563
14112,474.33627
19778,550.8765
15423,396.90268
18523,755.95306
4139,301.657
9280,229.59071
10300,319.22806
19054,3422.4556
3294,729.74524
10690,392.9228
2024,686.10516
1082,375.28094
14278,299.28787
11859,185.8727
9480,2570.1555
13446,986.1873
5093,354.96878
20452,519.3117
19310,583.91876
993,457.0988
7852,558.83594
12814,271.26782
6358,426.44403
6643,396.18387
2460,309.81277
7210,450.23566
19072,1608.2465
12926,254.66437
15587,295.82834
20619,295.18216
18377,197.27351
11028,987.52386
13901,828.1768
17503,1014.3914
16262,546.5296
3854,451.7306
13863,514.32806
3263,410.34897
1870,1585.0017
15703,934.61615
16681,418.9602
13263,298.9737
12064,459.592
499,314.78506
10111,490.9797
14292,355.72522
15893,234.35565
14741,846.72
3419,292.26508
15084,3109.376
17511,1898.2367
11451,598.1397
18789,342.96613
14972,382.5006
8047,394.3395
9909,755.9208
9064,266.25305
12083,425.7574
8870,479.8981
16469,481.6054
18730,566.0918
8280,777.4836
128,714.46
3636,675.8271
6832,1216.2169
390,387.95587
15366,440.2212
16383,297.73434
6815,150.425
6850,495.25748
20162,202.25262
15030,390.09033
13318,614.2781
13950,383.07928
14709,1401.9352
14749,475.4723
16987,450.38275
10382,493.44897
11552,667.2993
16936,206.74982
10839,258.6721
5483,574.3648
1115,353.87463
9107,287.83414
14732,696.34674
5667,330.53125
3409,500.11932
7576,257.1957
14938,1498.9094
19243,298.90494
8521,300.7475
19790,1742.544
16392,399.56772
13441,430.26688
5018,396.01804
20878,359.31992
15848,339.5876
12896,405.81363
19607,426.40137
18303,1151.0457
9156,838.5673
19019,549.47046
7906,467.14926
14988,465.24286
15866,386.5385
1597,301.0643
12299,639.00916
5179,705.6093
5186,603.2482
996,513.0104
393,372.87137
9539,307.10083
8869,495.25748
12830,408.8035
17781,190.17494
19020,146.50409
4703,289.36166
12619,499.49014
11527,455.39474
20303,397.03677
10327,424.96027
17498,600.17346
4023,495.74164
18820,583.4696
9725,490.95068
4146,454.9612
17213,999.66614
15438,524.67206
16812,452.5883
10878,2027.8468
14219,1476.0217
2304,286.18924
12684,1970.386
12613,403.16327
17329,633.09656
4612,373.4225
9015,886.0853
4208,277.52393
2415,492.8124
7130,451.22012
20382,1248.6002
8251,887.1251
19043,646.19836
5298,276.47943
17076,402.99036
414,388.94812
6627,494.51987
18398,628.69745
14703,300.67844
7549,897.0051
10350,354.81024
20009,477.76074
4622,885.7587
19271,1133.6726
19567,1724.7372
4251,436.32404
2610,411.85437
8274,924.6611
20937,414.06085
2782,2112.7727
17126,661.87537
3062,330.90744
17028,410.51273
14976,514.38007
15005,1046.5621
20940,2299.9414
19320,284.06174
2869,3672.8735
9264,339.09015
12065,325.5321
20042,288.78506
3291,538.57654
6965,346.9337
2446,1360.243
20000,1048.0447
9770,495.2565
12662,457.4198
13188,510.6911
10637,457.5157
10009,465.9258
9892,252.5031
98,348.4715
5886,289.8215
18623,499.8047
20729,271.29108
9961,567.8556
3246,332.61377
368,270.88034
20011,2425.9138
20777,2509.226
7678,2314.6423
14412,626.133
19820,900.8633
3427,553.2257
16596,435.42148
1457,591.1822
20128,495.32733
17546,488.74146
14532,489.37122
12440,326.06287
8386,323.1758
20214,355.66226
3567,1366.0544
356,581.48553
8519,1014.3914
15327,653.5876
7787,1758.7463
8364,1743.835
18217,201.0391
13442,269.26752
4850,499.7696
9690,489.61102
9403,314.1497
9248,1001.9372
15374,321.96823
1606,250.84685
5024,454.9612
1793,477.35455
1585,474.0324
15685,277.5312
15414,310.9811
3553,615.86127
3720,365.18964
15880,271.58997
8771,315.37146
15998,457.99167
3279,361.23785
1304,449.35843
11436,293.28488
16916,318.43176
17282,359.50858
13667,1623.7848
16296,371.64886
14895,360.9928
20478,696.5254
11318,582.7561
10464,299.70187
6858,505.1692
17850,894.7715
18740,834.84125
8165,448.90283
10232,485.21146
10169,742.53986
15867,1862.9697
3219,683.93396
3074,981.006
16603,261.88217
15987,1371.255
16329,400.61816
4267,2027.8468
17418,596.9008
12582,612.80316
19839,297.8462
20563,382.8748
2695,618.8483
11659,1712.2476
20328,393.58752
18701,427.1072
19064,844.33026
1028,516.94763
11871,446.32272
19082,1463.0043
8347,498.6875
8056,301.4032
11187,790.0638
2501,610.5406
12692,434.40396
18256,494.91928
4186,444.46625
2464,698.8188
8963,3596.1475
5071,459.6898
7235,146.83826
14834,286.86066
4907,298.90494
5841,418.16412
18316,282.97485
15385,411.37714
15318,676.78864
8404,309.63837
1646,503.33768
6619,453.4672
11463,383.07928
2887,869.135
17281,2883.8877
11320,1623.7848
3079,1133.6726
11521,342.87622
16542,1991.7931
2984,559.50757
19655,3561.4465
8082,335.8792
2911,150.425
709,300.87738
7521,233.66939
18957,854.40283
11200,1641.6757
5515,641.56476
2839,797.59863
3594,561.7965
1311,822.6829
6132,220.28606
11090,1260.5844
230,410.64987
8355,3492.5564
16072,313.30444
2038,656.29755
17236,788.3503
4416,1009.45776
20611,568.5216
730,451.93652
19421,289.42065
3652,638.7554
20348,462.01663
10039,2390.5815
9395,339.969
11584,588.7849
7616,538.7588
9704,1357.3977
18568,398.4149
19549,495.74164
19229,401.348
3428,437.50714
20449,339.9564
16137,834.204
4690,575.8582
13899,1131.4973
8369,349.8851
17260,542.309
20539,284.65744
1201,2221.5657
15654,2370.4868
10609,645.48627
8339,490.77716
3515,4939.068
110,312.51602
20925,434.93396
9926,396.87952
10351,637.1691
20255,498.74155
11908,590.4377
15038,769.56134
8868,1818.6338
8268,3748.3198
13061,591.90265
4835,1373.8844
3928,1268.815
8522,698.97394
14403,263.71548
3143,444.1531
14743,243.01558
1923,493.7534
7285,595.58295
9806,447.98517
6237,259.62354
16539,1970.7404
10574,3083.4639
4605,533.06433
12459,435.81702
10377,2733.7966
11995,538.6225
15378,1476.0217
12844,200.26825
5918,495.74164
20560,349.69333
4254,1049.6832
6304,429.07413
2811,433.93118
483,2143.706
9081,366.2751
7338,2027.8468
12034,299.70187
7005,280.19922
3473,485.4602
16525,397.28067
12726,590.64056
11278,568.0385
8657,799.06274
6845,3554.13
8978,344.82175
16059,541.052
8412,521.94696
6287,234.23158
18706,189.25388
3402,785.5185
8106,452.31985
8499,1049.4961
3765,446.3382
8994,547.63556
19261,397.32742
5172,297.7308
11032,1590.9364
1909,646.7586
15891,1650.7404
8510,309.3149
19609,371.1903
19904,414.182
13264,498.13766
9576,435.81702
4321,513.51276
8524,551.2199
15779,374.56604
8145,391.54782
15990,2005.1282
6143,419.52466
3152,471.94843
14708,887.2314
6438,563.1285
6125,640.9639
17217,408.53085
18958,282.97485
4868,563.1285
4706,574.3648
10420,753.92566
2343,537.9928
5722,668.18835
18930,923.47925
8144,392.26508
10123,247.3753
12263,421.506
3856,642.87866
6101,241.79967
7165,273.81735
20136,591.1822
18397,1778.1597
17955,462.9193
13617,482.006
4905,1168.9359
20275,251.89383
13610,328.64157
4426,594.6252
16210,1346.4352
6097,782.56354
9803,705.0494
19062,513.79987
4227,843.29
4187,923.1854
11593,190.17494
10629,2253.1177
3142,300.35147
17531,689.9366
8858,832.58514
11845,255.4272
1147,448.4206
18646,467.00528
6089,1531.8629
4566,299.8062
11677,381.42053
533,492.74033
4065,384.1662
17360,246.51309
5555,442.83395
12715,206.58359
8780,429.24063
17639,499.8059
20440,569.8489
7626,461.26422
3968,1937.4733
1519,766.7512
18997,496.94073
16673,156.34996
6708,297.2379
16178,438.4072
14714,302.96622
3644,629.10114
11841,298.78867
4614,315.07788
17316,615.3617
19474,425.40897
6930,357.48874
3268,427.74982
10857,391.28668
550,549.28973
16287,2128.3916
15224,2325.8918
18252,488.27982
3654,1284.4907
6492,279.8147
13266,244.7858
10777,540.2914
15745,325.0017
1029,626.6143
19866,272.49258
4120,490.60785
7225,388.823
17485,2216.9775
16622,996.28107
934,653.432
4093,485.23502
9278,332.88885
15567,455.5832
894,1823.8612
1734,564.4243
16782,888.39703
6710,473.46643
10988,311.60287
12762,457.4198
5949,498.07785
12426,337.7382
17594,211.47641
5177,472.8787
6288,461.62473
17929,322.51624
1241,451.60474
20044,262.10803
13426,448.4206
5286,239.02225
688,247.33185
20802,396.13693
6181,522.8667
16374,589.19366
15556,2097.8604
16533,465.05008
16827,1025.9656
138,1648.1593
11471,276.58932
10109,522.8667
13227,498.27225
5327,213.58118
16024,1063.3799
6514,395.6907
5539,1638.1372
13628,246.67616
7040,362.96637
1381,597.7357
18940,400.38904
2379,403.1587
7844,1047.4429
25,636.5878
9339,416.90652
10477,3010.9016
6482,854.9114
6730,307.8142
8864,309.66516
5789,372.81415
2427,500.4542
18570,669.4913
16684,474.26077
19465,273.55057
10502,354.28964
8989,565.7495
19989,1048.0447
12876,171.07361
1789,1966.5203
11763,885.9344
10821,324.13852
8158,482.93604
1264,454.1321
676,1071.5391
19278,446.91144
277,314.82507
18352,1376.5487
9112,690.92053
6647,361.7905
4692,593.19806
12038,390.3235
10863,392.1051
9139,1580.5446
5823,492.4571
2531,490.49295
9421,496.65787
14083,449.51135
3801,649.6873
13685,1442.0479
12631,605.90735
12501,680.40845
303,361.63678
3618,473.40842
14316,467.0703
12028,282.7023
5475,565.58765
13669,631.4108
13662,418.7844
18467,249.88898
2535,486.04477
3044,2482.8718
7888,296.49503
12790,417.31598
19107,1262.0756
5647,2084.5469
9980,691.93536
20787,2440.3772
18085,1075.2231
20216,407.35388
760,444.81516
10097,717.65796
5080,285.08667
19299,458.72604
17960,438.99054
6909,2042.9626
20805,224.73044
9132,310.1794
7780,416.69904
7438,392.45078
3122,209.56711
12295,225.97389
9687,2861.9072
16510,489.9681
9126,839.0581
11406,667.4396
14609,587.08405
8882,297.2379
19588,224.60406
2308,337.672
7493,400.12335
8779,1794.007
16142,1459.3373
11673,318.2199
13414,755.8943
1342,224.03647
14658,313.1075
1323,292.91653
4219,429.7033
7299,312.88968
1073,414.2877
17464,1044.7922
9918,393.5913
10847,566.9736
2641,2565.3843
9606,797.664
16423,308.9747
7670,546.63495
16026,395.85022
12894,204.65906
4012,743.98846
18338,480.4283
4264,479.72003
2490,322.04022
3757,2551.188
11705,2336.1162
11483,452.56158
8872,420.1257
10419,1045.4749
1617,704.5837
10792,2451.626
3947,2866.0571
2775,622.72406
2966,412.86942
12409,621.80646
14207,487.5629
13478,197.1264
16464,257.7367
15659,546.8925
566,697.706
6587,482.00696
4563,408.39175
14501,253.93695
18760,982.7288
10234,830.72266
15162,2151.0867
20923,1133.6726
10886,323.5782
18910,789.6186
5763,563.12445
8287,707.7167
8765,658.1055
374,295.58035
2208,306.2622
12166,2573.5288
18791,2066.8745
11135,1298.9374
13500,259.172
12700,1069.971
3967,383.2649
18638,341.93103
4691,287.83414
1621,1937.4733
8550,409.63385
1373,391.16327
19270,623.9614
3683,411.82254
20604,526.7373
12477,598.26776
2912,302.59305
4411,625.6468
11309,392.1051
2471,1018.4696
5203,485.54028
8573,373.82565
7795,1787.3591
11507,295.26392
1985,483.2439
15296,559.9476
14686,414.28137
9713,247.3753
3918,824.81885
18240,517.50226
4681,357.45828
2563,501.04095
13770,542.1016
17336,719.9655
19340,431.15854
3732,413.07153
2564,332.23514
12661,362.11316
12416,524.4235
4057,475.31006
4983,385.21835
18729,335.99643
1065,1206.9874
7613,225.26556
9047,462.31793
3157,451.17032
9847,490.6036
5063,1895.8838
8396,337.19336
4018,199.42827
8799,317.19818
11631,1509.6097
18593,570.6882
16722,1774.2645
19393,429.80783
12188,618.1779
19423,425.53882
19327,457.43243
3437,202.33937
12852,414.28137
14488,729.81085
19725,251.88817
12565,207.81435
11369,790.07043
2814,438.54874
10688,246.57668
9215,1054.525
19410,612.4246
4102,366.82147
17444,495.93918
246,678.5145
19164,642.11755
1782,2101.7852
2926,412.00217
11365,493.46774
16018,349.45746
7249,692.2319
1683,805.1062
20067,374.92096
11236,2427.1987
15763,4199.5776
13085,708.1841
1124,676.0645
8334,492.46817
14808,300.6668
6817,547.2136
11797,428.51285
13683,270.29056
11852,556.49713
15150,288.25046
700,349.04385
15778,325.183
13452,311.81735
11641,502.23697
17493,429.80783
7873,727.34357
17602,1953.9639
6327,651.23706
12629,490.286
2629,494.0349
6214,349.19818
19674,204.35374
403,290.41058
6427,392.98615
3569,455.5028
6025,1270.6488
7640,213.58118
12320,697.8415
18999,651.327
15499,1376.5487
2620,358.27722
5939,1725.186
18426,339.55716
10537,364.1682
8006,999.66614
7758,530.0838
19739,442.6974
940,298.1622
13587,735.116
8502,372.7226
6742,583.7756
2919,2678.1436
10658,410.07718
5189,516.54614
17215,1498.9094
18274,2360.5366
18832,404.06622
10227,287.83414
6984,298.15973
5265,610.3216
10697,455.7854
10633,345.8277
13560,617.2042
952,349.141
4807,417.0191
7275,428.29352
14903,435.30804
1398,606.1185
20364,637.2897
9939,479.63754
20397,299.37375
4960,587.63055
2852,468.94632
10071,978.269
15094,436.68918
1744,384.24277
5881,247.43
18326,245.03372
17662,510.07864
19634,1398.9666
9088,1247.1606
14810,559.8997
8188,374.8537
13676,499.2985
2840,2143.65
2210,525.0867
20444,674.37836
18857,431.15854
4561,416.20886
20521,743.1262
15694,389.98456
8615,477.39914
2170,169.72847
19395,2289.0823
10118,479.81366
11623,334.7712
11662,635.1016
12196,386.7303
7749,609.16266
16109,279.05365
15715,505.23706
11640,298.89923
10755,903.6627
7779,272.70337
19743,1350.632
639,460.24313
8376,379.34952
3288,738.44604
18022,264.01624
9944,693.5772
5142,405.10583
16668,506.54953
8905,470.00104
12148,411.87082
9087,627.9366
20402,585.5809
7153,355.78473
17987,591.4923
9587,459.4617
16195,717.39685
11127,702.3156
16025,678.97064
71,526.36554
17805,539.7747
19460,256.17203
9912,229.53949
5361,644.3945
17447,2294.29
11716,279.55826
1818,416.07254
12199,189.93779
19744,614.11414
5372,249.0362
15655,1398.7561
1485,366.82147
4076,1047.4429
14860,585.7264
7943,495.56903
13565,400.13217
9231,239.12695
4412,277.51755
13671,579.90625
8923,395.37766
8190,198.15668
4247,1919.48
11202,644.1556
3321,900.1055
1894,316.29932
18497,477.36526
2624,440.31137
4482,359.16016
3872,644.0852
15157,1729.6564
2850,485.90573
20816,442.67166
7468,306.52008
20096,498.94736
8899,156.34996
7706,574.9304
4857,952.3383
3674,301.657
13601,493.08237
10995,568.08875
16507,489.06525
15184,409.6734
15910,507.41678
14943,673.51154
3258,534.309
8843,1363.3883
7913,1440.38
13275,621.34186
8557,188.30061
268,442.2755
8026,274.2947
18762,478.42828
12520,494.5396
13820,264.01624
6513,548.4626
18000,518.97614
4001,525.6731
8414,317.90408
2849,2361.9006
17779,284.72543
8916,1150.8077
13658,476.5697
6785,328.5563
20799,835.16205
12571,333.15857
20207,300.33118
17539,384.1662
17914,278.40094
5083,552.26416
4912,437.47842
10384,343.528
15834,584.80884
12395,342.53824
2043,527.7132
11429,359.08112
4640,831.5611
2766,295.71448
12922,810.2475
1244,663.0816
8400,508.0278
10101,1064.0197
9279,329.00412
14590,462.31665
7013,347.00308
17728,478.6364
9069,514.41943
2354,2094.6443
9708,1623.0643
6544,388.90048
2752,223.2547
13675,305.6438
15078,403.95157
9349,801.92474
14946,582.64056
9594,1209.8324
7233,539.8431
2077,1049.4961
6171,631.4693
7082,643.5999
2301,398.87823
19888,219.36652
15693,201.38934
7059,404.40063
7224,339.4832
16527,2627.6326
7506,453.5226
17905,292.86356
18814,589.94684
10735,438.4072
13469,1946.0674
10493,382.6803
18926,1884.0897
10632,403.5062
16950,423.0954
16948,373.5644
20659,1223.6528
3045,370.8155
19161,564.4066
11695,212.29031
19530,291.069
6822,550.5126
19977,910.9163
2723,407.22607
10265,1862.9697
6451,371.06863
13649,472.14957
16568,843.26086
16712,2123.249
14850,888.9935
15653,498.59467
864,454.68762
6999,295.7542
7475,1023.06415
12070,563.3185
18844,470.9684
9382,408.4373
19518,481.68707
12998,439.4001
13054,245.01886
18653,693.6385
6353,376.27588
20693,386.00726
4429,2085.8967
11449,934.61615
12394,443.14038
18210,402.4635
291,514.03174
12439,600.5826
7098,414.32132
751,407.0149
15382,419.86298
1612,1131.981
20354,1005.8233
1059,429.20834
4168,644.40704
14119,353.02585
15833,1077.4678
6895,313.3742
14755,813.06085
4560,247.09764
4828,624.39764
6650,385.02362
7118,429.7159
5932,402.16022
15882,588.6014
8466,1251.2377
16021,1442.7394
9774,643.18146
11058,239.02225
16471,201.52193
16298,505.0662
12725,997.79047
1112,549.47046
4470,1563.9568
6303,462.66992
20686,584.2734
11857,594.3026
14258,449.31796
18325,1005.8233
19817,295.22574
9515,360.6881
3269,1620.8635
6768,2850.841
11737,313.34763
16485,677.89746
4330,488.88455
11416,591.05774
4569,393.63953
12985,513.51276
2133,494.2601
1292,224.00351
1492,380.224
18175,4101.6113
10807,324.68036
15628,423.82315
10487,1123.7072
18894,574.9495
11085,545.8895
4679,451.9126
410,353.2631
3777,438.49405
7173,415.5284
18178,517.70996
12984,2224.523
16236,435.1538
6282,493.08237
1980,755.1309
3114,547.63556
17661,194.78775
18650,433.13602
13079,340.65308
1634,1298.9374
8632,469.93378
3528,430.1025
7444,607.7294
10732,462.88547
2898,1233.6932
16106,570.72284
8410,422.5459
2733,1937.4733
2001,452.63248
7450,399.4766
1396,1021.2618
7776,1019.9131
15706,188.60771
18953,499.98355
6470,332.65823
16918,611.0079
13328,1298.9374
19180,924.9622
16810,393.55585
17730,305.4484
18674,2161.9587
14059,832.58514
20853,424.1355
1722,565.08215
14592,419.2438
11843,500.90875
17776,388.65216
11556,393.51025
2121,501.20966
173,472.04205
17242,1404.1631
13546,461.16162
10915,315.31854
4676,272.16614
3870,594.6242
5277,1243.2394
11953,470.36765
12410,2800.2197
8891,1268.815
11893,391.28668
16338,465.24286
11398,404.2681
4220,1595.9856
15456,389.1616
4869,572.2674
11067,497.5
6229,498.44562
16010,218.49074
6244,494.97748
7668,237.19905
20625,541.6432
9894,315.21863
17982,528.77014
5726,2250.895
4415,510.31253
5204,607.7368
18975,404.0356
3357,477.4271
5645,193.79105
3639,288.5966
15770,371.7133
7689,477.39914
3796,488.60962
17519,397.86948
7760,518.91156
3981,663.273
12673,346.1726
7831,501.38596
4780,419.86298
2303,315.3682
7455,1476.1105
20224,185.10965
9805,2656.3906
20123,3295.9963
16065,1717.4746
10402,354.09692
10479,583.7644
18290,838.10944
5193,385.89725
169,446.66504
10925,2412.4268
4471,459.6898
1595,276.6301
9670,236.5846
10928,484.50262
5171,454.52524
7321,473.19458
5755,928.20044
18410,659.2981
3283,310.46912
3876,970.8658
5281,285.6938
5273,590.3886
1338,266.15863
5031,664.0347
1069,2716.3394
5436,344.13275
16084,540.8745
18128,611.0079
7877,282.12848
8293,400.79883
10718,620.4486
8088,445.3134
6552,1771.2214
11156,420.2744
12003,523.1161
1197,784.46014
15402,625.8643
5782,403.16327
3420,344.40863
2599,251.05261
318,399.14703
2186,515.3841
8918,404.0676
6797,593.3306
9071,453.3223
5256,253.93826
19248,392.0127
5777,2749.9043
10430,392.5465
9004,353.00638
7535,458.78333
6751,296.98428
7558,442.91168
452,332.38214
9876,425.53882
19321,1775.589
9729,403.12466
4038,452.5831
17638,223.8947
139,513.2097
11582,463.85233
19822,590.9748
12666,391.5238
13793,473.11807
386,1928.5469
11766,280.56018
9997,406.31152
718,638.8851
9577,516.6978
12905,465.76437
19205,779.7963
17821,551.2477
4677,515.0893
13291,243.64548
16253,509.17975
8902,568.7407
5520,2015.2698
14209,461.92062
18232,595.58295
19519,420.8398
1418,473.91376
16155,619.4317
8358,708.0062
3230,2855.5193
3657,946.1621
20016,454.72888
6285,268.6962
1526,484.55353
19041,2798.4907
15239,412.13773
5271,518.5646
8984,383.07928
9536,1952.911
20587,420.96487
15739,659.6982
11214,310.8677
11348,402.0988
13866,1341.1271
10668,852.4231
18259,395.39035
18998,505.43033
148,561.2951
2528,396.87952
1763,685.97314
14054,421.9832
7062,200.06372
8618,946.72766
14756,822.6829
18077,748.35675
5234,487.9156
10373,481.6248
7622,820.24036
4800,950.7693
15561,4009.6992
9203,508.02332
7494,827.83514
3977,328.53564
19309,282.074
14330,521.4569
7868,395.89984
4273,456.2903
7739,263.58255
4923,410.80008
20943,551.2477
9172,457.5762
7133,468.44205
13949,394.17505
19535,396.22372
2798,370.5765
10179,1541.8845
11115,794.221
9031,208.4038
15154,322.76422
3520,246.50012
4588,292.0491
20019,542.3121
6696,297.73715
829,351.65344
754,309.22043
11733,459.81293
19927,865.01245
19747,1671.1587
9628,407.0738
9675,493.7534
17545,2865.5295
8291,999.67566
19401,506.30338
13727,396.7583
13058,3207.374
19002,640.1626
13088,294.62576
1443,1372.6478
12020,490.29443
12796,858.40875
20182,565.44
6827,630.13074
19035,635.4899
11940,398.83316
15002,581.53394
6017,547.76886
20147,430.49673
15860,467.0703
13023,411.7303
832,406.86252
14167,463.7385
18755,295.18216
10881,950.3398
8873,548.4123
8741,506.87903
13187,2133.1665
11239,2622.7876
20825,421.58337
17267,2749.9043
543,244.30167
2779,367.0247
14440,389.84647
7094,1793.7368
15620,300.50702
15371,538.755
8727,400.87573
9448,498.52887
5241,617.79004
8323,1045.6482
2475,206.58359
18424,381.7148
13217,595.4467
8809,543.5705
1817,382.7038
19650,264.91428
8922,506.8382
18746,395.39612
19202,292.91653
2763,2004.8899
20187,297.2379
2472,308.78546
11075,1263.6421
8790,588.92883
16817,449.51135
13910,2701.472
10934,321.03094
5513,661.8116
4177,559.7855
17796,570.286
9462,410.9293
19698,552.2077
11632,418.78915
7410,260.758
19146,588.4149
1819,574.6392
3973,709.3278
14450,1695.7906
3132,188.96207
12086,1350.0968
20577,598.7339
10321,522.8667
4221,702.1844
1436,1499.5677
13598,401.44522
8737,221.98935
11798,598.1397
13410,400.65967
15713,1733.6825
9253,1852.8726
20857,297.76654
20887,1387.0155
5213,740.8392
6242,360.45847
18859,1024.3613
10241,1588.5575
385,921.5699
16985,375.419
917,646.138
8374,1496.7773
3758,467.00528
460,319.3987
6502,398.49332
711,389.2898
14907,459.23886
7698,811.8953
2344,249.0362
4888,477.76074
12334,488.00064
7555,949.57623
9723,530.70996
4728,446.6423
11478,306.55127
2562,495.74164
19752,257.61255
6227,246.51309
3262,541.5145
13162,389.68036
10623,1067.5895
11099,541.5456
1504,465.76437
9554,240.18657
18752,283.68057
8716,683.69586
17441,402.0145
10077,681.8908
1316,576.1176
7356,541.0618
9513,326.818
4638,278.62485
4390,1995.4762
3781,1919.804
10628,377.85416
4864,354.64874
1908,297.7308
10509,297.7308
8025,454.28912
5015,440.9459
10236,301.657
10769,323.6376
6275,699.5014
20213,1059.4132
15086,441.8085
14027,502.67606
4896,445.62744
11392,743.9767
16256,485.94043
13340,483.2439
2326,3396.824
14127,368.75275
1594,305.80273
7467,309.3149
13461,2158.959
3345,461.2824
18693,286.51816
3305,492.9548
13503,430.76913
989,306.1858
6988,293.60693
4217,267.10837
3352,577.52
16751,304.42065
16463,435.42404
20749,350.52792
7766,235.47493
10000,527.30756
4772,1100.9454
11944,446.22635
2774,386.46408
118,542.17194
662,981.11017
16055,276.87802
11867,381.99667
20327,957.63586
9313,1464.9475
17918,445.3134
20227,250.84685
4165,270.16946
13353,488.74146
4945,1027.4043
12518,394.59372
699,225.85115
16474,838.5673
17031,747.7141
13175,977.4792
17641,470.65305
344,892.85785
4054,364.3544
15015,398.7579
18992,396.25595
13743,497.2833
3181,425.15332
17434,835.20355
14537,380.39944
18353,353.80228
7347,587.99005
8817,1498.9094
2355,2066.1072
18247,1397.567
3807,324.84442
12235,473.46643
19668,452.62274
7682,539.89606
13171,1937.4733
2583,790.07043
19137,3900.416
19086,2035.4445
4356,299.05026
19794,745.95605
18531,310.6505
12861,1921.3247
15825,397.6739
19349,835.16205
16413,429.43646
9822,659.1904
10954,414.31888
6539,2400.4487
17725,440.3577
20048,515.4591
1973,460.00967
349,1358.4581
15428,298.2616
9066,401.6073
16192,420.83688
7598,694.8361
9825,209.18706
13616,2215.5566
1667,349.77664
16648,299.8062
8987,412.13663
18064,466.74252
15540,188.38031
7435,285.59543
7895,687.67004
20622,395.6907
3457,442.64148
4609,572.82227
10854,240.17868
15484,2027.8468
2227,251.28716
7733,413.07153
14178,477.99768
613,809.87695
16096,445.56766
3907,448.01575
13552,294.6715
475,545.50024
1889,441.94357
729,523.29706
15448,201.38934
1765,1799.165
606,727.2616
6168,2506.257
1107,383.9626
5388,481.83682
14698,438.61673
18305,257.1957
3534,571.38934
13846,481.04068
4393,1835.7185
9380,202.77742
8654,544.7854
3903,444.16608
4336,1091.5797
18321,564.0838
12972,381.26062
1020,324.68036
8972,591.9172
9244,369.9631
12285,371.96396
20072,1025.629
8960,417.45056
20407,442.58047
8329,2176.677
4086,304.40387
9196,355.72382
5201,499.7696
16984,415.1098
10610,382.64273
19437,493.82373
14800,2376.4407
2529,404.0356
16005,559.85144
962,1418.4669
7992,495.74164
9361,205.53117
5519,649.04987
13090,1103.2535
15110,739.37384
15262,1060.7874
13509,2027.8468
527,1782.1575
11710,300.67844
11234,519.1881
5036,1267.4592
20177,306.32977
170,469.45627
17544,407.45773
9180,779.1513
5984,256.11545
9504,559.7123
18901,262.11365
7491,519.3439
18345,504.8402
15539,1566.6929
7436,421.45987
19831,419.47934
1321,419.72083
2690,608.93207
11232,451.99295
19883,570.8309
19469,240.96706
7360,497.7258
18885,310.43704
19598,898.0671
11437,375.30515
7192,563.1285
10520,1050.3826
5765,566.1279
6279,383.44815
13792,312.3663
3661,506.67078
12279,953.24146
4571,1405.9196
16899,435.45648
5496,1985.553
9936,500.65802
3298,604.50165
753,961.89923
16387,214.71483
19114,956.71594
17204,441.20996
16518,296.85434
10953,2573.5288
20384,243.76994
8504,335.12503
853,393.7874
9272,475.55502
13118,411.08484
7101,522.8667
14688,431.95578
17966,547.76886
79,1131.689
222,628.7314
11962,675.88293
18895,2827.1294
2718,453.5017
5434,481.98007
6685,425.9943
13629,1068.327
13448,591.72485
8609,491.28055
2710,501.16833
7216,296.1801
1405,487.44675
2534,4520.4595
5657,234.84094
9432,272.49258
7124,554.8724
13657,4158.9346
8480,2742.1155
11384,1049.8379
5221,433.67368
7966,295.49277
8172,377.60654
13926,287.83414
20311,312.37088
7272,448.90283
2296,498.9224
19032,508.0611
19374,1105.6183
13843,438.58096
14074,421.85767
2013,519.5097
9855,242.9173
16281,238.31104
19979,783.712
14462,660.9738
19940,256.89215
4705,496.0261
18375,859.31415
7566,304.0712
13517,359.40094
20319,499.43195
16455,314.11978
18164,387.30988
11457,1056.8219
8254,903.6627
3602,460.0191
18107,445.41357
16076,931.4779
9891,3064.1416
2550,320.8773
8453,234.98534
15204,575.5942
9698,150.425
3740,601.1537
3812,559.2638
703,282.7996
1041,354.29303
3024,459.65387
13358,376.17398
11664,295.71448
5117,518.3593
12510,472.57712
14735,497.5555
16937,399.0018
11980,310.1761
13474,310.0148
11511,857.9627
13578,516.8243
19162,403.83893
9635,289.00858
8445,384.5367
20202,346.6707
12887,434.86325
1551,267.68677
17693,693.5772
19900,299.66272
4197,519.92224
20482,1648.5311
2993,404.42065
6207,235.86267
6916,617.17285
18790,259.87833
12029,2151.0867
12408,3089.8406
14093,390.0741
2935,278.6271
20287,148.70662
10183,396.53073
6780,1696.482
6425,203.69519
13261,560.80804
19177,297.9983
13160,667.6566
6378,400.97556
20703,505.9704
19523,570.4068
8640,460.56232
11255,287.12585
4266,299.67938
17432,569.2132
8366,609.1938
5567,924.6611
15497,764.9978
1138,368.2285
19841,772.7072
17327,769.56134
17334,1668.5032
18091,2742.1155
725,322.09012
5269,231.31621
3963,462.21457
1475,3434.4207
7988,1783.5029
1272,546.6534
14704,247.49971
14454,385.6008
19980,450.94507
9283,1438.8503
15645,460.69254
13276,1745.7815
9374,1743.835
10598,1047.4429
15679,441.69623
13126,369.565
11609,321.24826
13780,499.90637
0,831.0495
5113,488.75272
4209,983.1809
20964,261.58
4555,398.4149
14028,301.8951
2615,302.85638
12475,534.7922
14249,296.60587
19504,614.1533
20281,1484.477
3642,569.3847
15603,351.6124
10113,508.08392
10736,264.41916
17128,2133.1665
13817,479.60236
2451,692.99066
12058,978.23956
20001,442.67166
13354,334.93613
8585,284.12723
1261,472.93808
12026,2073.5015
3378,625.04755
15188,495.74164
8486,494.72006
3877,326.07553
1876,693.8227
15274,380.3565
17159,412.5077
11421,365.86874
7266,492.66837
10910,679.5741
1491,2144.4348
14408,523.43207
1897,354.28964
18976,439.97128
20372,3179.2344
11988,418.29755
16600,388.69632
3105,593.6468
18639,1496.8304
6429,455.46793
9398,348.3602
19500,411.9488
1158,422.66232
11928,436.86115
5965,1363.98
2930,1006.4788
3165,1155.7357
4879,896.43976
14328,435.69662
13181,520.5128
19210,961.23376
15256,381.7148
456,1375.2048
2055,505.08792
15419,455.45557
4747,1926.7192
12253,309.70645
10927,570.4068
12950,209.19391
15851,385.75803
11335,397.22894
10471,551.9301
13257,247.40117
14477,1653.9321
6593,4159.944
12523,503.09058
10801,512.3098
17041,2427.1987
29,365.30783
16156,583.3887
736,463.96564
12301,549.9957
12392,395.65942
13742,201.38934
14793,365.00095
6291,473.19458
8425,589.62775
11799,668.03925
5586,348.226
17457,475.59625
18117,544.92847
14190,422.92136
4026,765.9598
10316,468.14114
9077,680.2011
259,411.2097
8847,496.43564
11626,2440.3772
11013,296.12463
4726,469.0013
8140,431.79382
5175,287.06738
8078,395.65942
11564,301.4032
4529,504.02643
20050,1070.9177
18682,531.65265
2402,546.9562
16131,636.7956
16286,490.29443
13143,450.25037
4144,410.4401
13938,418.6083
4651,2128.5967
9733,633.3259
492,425.42404
4269,253.527
15024,570.286
1739,652.4334
12374,1188.713
15544,258.75052
3578,361.18237
20233,150.425
13827,529.6245
20146,346.5051
9324,2119.4827
11729,403.97455
12508,365.94522
14088,206.74982
14076,1024.5624
2925,699.79706
11661,380.46255
5199,1003.8044
8890,637.1691
19001,632.96063
10532,729.8083
10422,364.84402
3119,169.72847
13524,361.20807
16354,380.0452
4495,897.7391
9549,2269.162
20167,505.04282
11723,201.7535
1465,579.8809
3724,404.82156
10788,966.0058
12120,418.29755
16417,546.6687
19760,455.33472
4511,249.15845
12319,666.7499
779,1697.9698
2239,389.67593
8031,453.42184
14715,553.44434
20109,310.56796
6918,199.42827
13754,494.3229
18536,2309.8171
4318,221.69295
5386,294.03192
3624,682.8601
4633,448.90283
17040,403.80698
4316,569.2132
14242,312.99927
5472,334.14264
14342,521.0411
14648,895.4366
6628,1509.1519
14795,743.98846
5654,461.7407
15754,1058.2657
11872,726.10876
7761,561.7965
9100,407.10825
3467,2206.8662
314,399.8086
3692,402.76846
18544,453.4675
5868,1901.527
3739,362.20493
12954,326.7732
20222,287.12585
3597,1483.202
19342,204.19054
18044,434.50797
3358,422.00827
5664,549.47046
19193,412.2918
1018,1031.1959
47,1815.2449
3346,622.897
294,1133.6411
4754,312.15222
16857,259.08554
14802,407.2901
4504,377.85416
8688,407.76392
17772,498.62183
18864,2104.871
851,974.8712
156,938.4012
7653,299.33234
15060,958.0578
15326,419.31793
9575,1775.1802
11787,538.9451
11235,343.46518
16941,1215.7886
3458,1495.0471
13164,1928.6154
17953,2183.273
12094,365.10248
17692,277.01724
7103,3051.6965
8627,502.97495
3958,423.0954
7246,881.3814
404,651.4956
1529,2265.1213
16081,621.82635
19551,338.31296
17888,274.64758
15130,1224.0571
8183,412.71817
16537,740.8392
4479,678.97064
20652,1260.5844
14080,416.02158
12489,402.6863
11054,520.4745
13803,374.39548
5287,483.67206
7919,569.302
11743,518.9849
11031,251.73634
20225,2981.0342
2015,225.20566
4108,502.83844
14982,399.5941
2223,330.01135
6461,894.7715
14788,400.682
4443,297.26694
11956,1050.7151
8635,334.52463
13485,382.7038
6762,606.51465
13882,246.50717
8686,229.87103
15136,665.3689
16182,217.32874
13298,271.6251
18026,524.5274
2295,377.00256
13065,640.27985
14078,2614.2124
9585,416.64386
12356,835.16205
11647,1636.3601
16043,319.76443
3542,489.36255
6636,591.36
11209,2206.8662
12788,3738.9236
4060,953.1583
3626,2183.273
19919,297.0028
15748,815.0666
9553,396.3155
18038,294.64343
18955,876.40753
19872,253.93695
8607,1421.2214
8748,2275.3042
5628,528.94495
9963,604.0493
1219,496.23923
19874,548.85114
13790,2542.0767
19647,923.0562
20704,438.7282
3766,2570.1555
9552,366.97385
17071,358.3088
16381,190.17494
16380,229.95197
6856,597.1626
17027,648.4638
3292,188.60771
9769,888.9935
8223,524.764
18385,1467.2267
15841,443.59552
5511,549.9208
13959,407.64313
16621,328.54343
2233,512.284
9466,407.86057
20763,499.98355
12317,190.17494
1733,309.66516
20790,395.73904
13382,887.4365
13174,498.9224
16378,506.8382
14085,233.85674
3575,406.6613
19056,391.28668
663,520.4026
10028,329.19708
2172,387.8033
4573,487.49203
16976,423.10403
19138,586.7212
12178,444.07318
16416,678.78174
14547,297.2379
20573,270.95355
17430,562.06793
12398,196.47606
18322,234.35057
16703,1048.5117
3988,249.74693
4457,297.2379
17854,502.6172
10581,432.72104
5735,1196.085
9522,404.11765
17415,573.1562
15704,1763.827
19115,1498.9094
1385,370.83682
861,408.47665
4458,600.2347
3007,953.24146
11219,322.56323
6907,534.518
19565,266.75345
2237,643.28625
15138,414.28137
13537,832.58514
15707,1620.2743
3547,892.6875
8343,374.08594
554,388.68604
11301,587.9201
13158,524.77655
11528,381.02908
11726,391.9281
1166,856.7784
1191,712.83185
15317,250.02176
648,283.93414
12158,571.9421
6007,1091.5797
15547,333.9587
12515,2427.1987
14033,390.59302
297,850.2053
18733,389.52032
6162,198.36224
13574,747.6693
